,count,landmark_id,landmark_name
0,8695,78775,Marine_Corps_Base_Camp_Pendleton
1,3779,93036,Naval_Station_Guantanamo_Bay
2,3705,4782,Bayerische_Staatsgem%C3%A4ldesammlungen
3,2986,91437,"Fort_Hood,_Texas"
4,2696,97365,Fernald_Feed_Materials_Production_Center
5,2203,37830,"National_Portrait_Gallery,_London"
6,1835,46700,Media_contributed_by_the_ETH-Bibliothek
7,1703,86046,Naval_Station_Norfolk
8,1690,32658,Str%C3%A4ngn%C3%A4s_domkyrka
9,1657,81508,Fort_Irwin_Military_Reservation
10,1265,72932,Finnish_National_Gallery
11,1236,28791,Fort_Benning
12,1126,3400,Fort_Leonard_Wood
13,1073,15411,Carnaval_de_Paris
14,1021,22327,Manhattan_Project_National_Historical_Park
15,980,24578,Images_from_Bridgemanart_Library
16,937,24448,Lunds_domkyrka
17,932,38933,Skara_domkyrka
18,923,76206,Marine_Corps_Air_Station_Yuma
19,911,73739,State_Library_and_Archives_of_Florida
20,871,7977,Manama
21,868,41374,Port_of_Amsterdam
22,864,90940,"Storkyrkan,_Stockholm"
23,802,62244,Deutsches_Freimaurermuseum
24,641,69452,Shenandoah_National_Park
25,603,36227,"National_Archives_Building,_Washington,_D.C."
26,602,36835,Camp_Shelby
27,583,1065,Onslow_Beach
28,579,96750,V%C3%A4ster%C3%A5s_domkyrka
29,576,49883,Glanshammars_kyrka
30,574,100629,Fort_Meade
31,563,46554,Mount_Hood_National_Forest
32,543,67494,Sierra_Madrona
33,541,93103,Tule_Lake_War_Relocation_Center
34,520,79390,Marine_Corps_Recruit_Depot_Parris_Island
35,512,26620,Biblioteca_Brasiliana_Guita_e_Jos%C3%A9_Mindlin
36,493,77405,Minalungao_National_Park
37,475,27207,Paleis_voor_Volksvlijt
38,458,2231,Granada_War_Relocation_Center
39,453,47346,Pohakuloa_Training_Area
40,448,88369,Caserma_Ederle
41,446,33958,"Sankt_Petri_kyrka,_Malm%C3%B6"
42,445,43138,Camp_Foster
43,434,15690,Mus%C3%A9e_Maurice_Dufresne
44,431,80840,T%C3%A4by_kyrka
45,429,50174,Rogue_River_(Oregon)
46,425,46785,Nationaal_Monument_(Amsterdam)
47,424,87845,Smithsonian_Institution_Archives
48,424,12978,Naval_Station_Great_Lakes
49,423,65382,"Mariakyrkan,_Sigtuna"
50,419,84842,Air_Station_Kodiak
51,418,66405,"Sankt_Nicolai_kyrka,_%C3%96rebro"
52,408,27007,V%C3%A4sterl%C3%B6vsta_kyrka
53,406,18375,Polo_Grounds
54,405,30325,V%C3%A4rmd%C3%B6_kyrka
55,403,1466,Shrine_of_Saint_Andrew_Kim
56,389,34634,Yosemite_National_Park
57,388,74013,Olympic_National_Forest
58,387,37720,Brahekyrkan
59,375,23619,Vaksala_kyrka
60,375,68136,H%C3%A4rnevi_kyrka
61,374,14584,Poston_War_Relocation_Center
62,373,1787,Naval_Amphibious_Base_Little_Creek
63,373,29044,H%C3%A4rkeberga_kyrka
64,372,37244,Museum_Terug_in_de_Tijd
65,361,58586,California
66,360,82817,Deschutes_National_Forest
67,359,95692,Visby_domkyrka
68,351,75770,Sankt_Jacobs_kyrka
69,350,47522,Willamette_National_Forest
70,350,65762,Vondelpark
71,349,44252,Marikina_River_Park
72,346,61431,Mus%C3%A9e_Europ%C3%A9en_de_la_Bi%C3%A8re
73,344,52949,Washington_Navy_Yard
74,336,19462,Solna_kyrka
75,333,90364,Savannah_Victorian_Historic_District
76,332,19884,Kunsan_Air_Base
77,331,55879,"Sankt_Nicolai_kyrka,_S%C3%B6lvesborg"
78,330,52544,"Sankt_Nicolai_kyrka,_Nyk%C3%B6ping"
79,330,69456,Marine_Corps_War_Memorial
80,328,71402,"Union_Square,_Manhattan"
81,326,97871,Steens_Mountain_Wilderness
82,322,20670,Val%C3%B6_kyrka
83,321,8716,East_Room_(White_House)
84,320,20854,Fort_Riley
85,316,13923,Watervliet_Arsenal
86,316,70087,Horseshoe_Falls
87,315,97958,Yttergrans_kyrka
88,313,27932,Riddarholmskyrkan
89,312,80239,Tensta_kyrka
90,312,76112,"Heliga_kors_kyrka,_Ronneby"
91,309,77531,Dobbins_Air_Reserve_Base
92,309,90169,Ford_Island
93,308,20871,Roslags-Bro_kyrka
94,307,48474,Alaska-Yukon-Pacific_Exposition
95,307,42366,USS_Abraham_Lincoln_(CVN-72)
96,305,91023,Bonaventure_Cemetery
97,301,3831,Oval_Office
98,300,35018,Naval_Support_Activity_Naples
99,299,9150,Two_Ponds_National_Wildlife_Refuge
100,298,66838,United_States_Military_Academy
101,295,73558,Fort_Polk
102,295,20947,St._Bartholom%C3%A4us_(R%C3%B6dinghausen)
103,295,61627,Seedskadee_National_Wildlife_Refuge
104,295,28528,Danderyds_kyrka
105,291,69401,Botkyrka_kyrka
106,291,84929,Bromma_kyrka
107,290,29027,Hanford_Site
108,290,77849,Fort_Laramie_National_Historic_Site
109,288,11789,Savannah_River_Site
110,284,81866,Los_Alamos_National_Laboratory
111,282,79273,"Maria_Magdalena_kyrka,_Stockholm"
112,280,48429,Heart_Mountain_War_Relocation_Center
113,278,15299,Madurodam
114,277,14002,D%C3%A4desj%C3%B6_gamla_kyrka
115,277,29598,Pine_Flat_Lake
116,277,17747,Munttoren
117,277,18482,Mar_Mattai_monastery
118,276,42671,Fort_Mifflin
119,275,54344,Husaby_kyrka
120,275,677,Fort_Sumter
121,273,12687,Mount_Rainier
122,272,40319,"%C3%96stra_Ryds_kyrka,_Uppland"
123,269,64965,Smithsonian_American_Art_Museum
124,269,38615,Floda_kyrka
125,264,53178,Sollentuna_kyrka
126,263,52826,Br%C3%A4nnkyrka_kyrka
127,261,44418,Grand_Canyon
128,261,57957,Superior_National_Forest
129,260,79090,Katarina_kyrka
130,259,64128,Sk%C3%A5nela_kyrka
131,258,78898,Wyspa_M%C5%82y%C5%84ska_w_Bydgoszczy
132,257,21974,Hargs_kyrka
133,256,62639,Vallentuna_kyrka
134,255,99929,Skoklosters_kyrka
135,255,1127,H%C3%A4ver%C3%B6_kyrka
136,255,24941,F%C3%A4rentuna_kyrka
137,254,84795,Bierreclame_Museum_Haagweg
138,254,89699,Hillesh%C3%B6gs_kyrka
139,252,7987,Litslena_kyrka
140,247,83027,National_Portrait_Gallery_(United_States)
141,245,14030,H%C3%A5bo-Tibble_kyrka
142,244,92596,United_States_Capitol_rotunda
143,244,5086,"USS_Constitution_(ship,_1797)"
144,243,50122,Vendels_kyrka
145,243,38273,"Fort_Myer,_Virginia"
146,242,27649,Fr%C3%B6tuna_kyrka
147,241,71694,Tr%C3%B6n%C3%B6_gamla_kyrka
148,238,71887,Hu_Yaobang's_Former_Residence
149,237,17762,Trams_in_Amsterdam
150,236,90981,%C3%96vergrans_kyrka
151,235,90323,Rimbo_kyrka
152,235,29531,Sj%C3%B6s%C3%A5s_gamla_kyrka
153,235,43886,Artis
154,233,71644,Sorunda_kyrka
155,233,74341,Lov%C3%B6_kyrka
156,232,38245,Dalby_heligkorskyrka
157,231,30852,Osser
158,231,66219,"Sankt_Olofs_kyrka,_Falk%C3%B6ping"
159,229,91822,Heroes'_Cemetery
160,229,97150,Fremont-Winema_National_Forest
161,227,82078,Camp_Gonsalves
162,227,1153,Bosbaan
163,226,67279,Mount_Baker-Snoqualmie_National_Forest
164,226,56206,Sala_sockenkyrka
165,225,66742,"Heliga_Trefaldighets_kyrka,_Kristianstad"
166,225,80524,"Keating_Channel,_Toronto"
167,225,25191,Boston_Navy_Yard
168,224,5861,United_States_Air_Force_Academy
169,221,91146,"Houghton_Library,_Harvard_University"
170,220,15708,Mirabilandia
171,219,83738,Untersuchungsgef%C3%A4ngnis_Holstenglacis
172,219,42317,Fogd%C3%B6_kyrka
173,218,92939,Glacier_National_Park
174,218,6654,%C3%96smo_kyrka
175,217,8342,Gifford_Pinchot_National_Forest
176,216,58812,Jameh_Mosque_of_Nishapur
177,216,31421,Camp_Blanding
178,214,74682,Kalmar_kyrka
179,214,42741,%C3%84rentuna_kyrka
180,213,20634,Royal_Palace_of_Amsterdam
181,213,24977,New_York_Harbor
182,213,9595,Museo_Municipal_de_Bellas_Artes_de_Valpara%C3%ADso
183,212,22585,%C3%96sterl%C3%B6vsta_kyrka
184,211,243,Rasbokils_kyrka
185,209,33674,Cabinet_Room
186,209,45233,Morton_National_Park
187,207,80819,UST_Museum_of_Arts_and_Sciences
188,206,54996,Guantanamo_Bay_detainment_camp
189,206,81034,Lannaskede_gamla_kyrka
190,204,62514,Gro%C3%9Fer_Arber
191,204,50442,Gamla_Uppsala_kyrka
192,203,36833,Stora_Malms_kyrka
193,203,83416,Eastern_State_Penitentiary
194,202,93450,Maya_Biosphere_Reserve
195,202,42400,Crow_Valley
196,202,69399,Mundaneum
197,202,24796,Eker%C3%B6_kyrka
198,201,2842,Lagga_kyrka
199,201,29213,George_Washington_Memorial_Parkway
200,201,53681,Torsh%C3%A4lla_kyrka
201,200,55616,%C3%96sterunda_kyrka
202,200,23006,United_States_Naval_Academy
203,197,99781,%C3%96sterhaninge_kyrka
204,197,77597,"Bedford_Museum,_Bedford"
205,196,3095,"Eds_kyrka,_Uppland"
206,194,91197,Owyhee_Dam
207,194,32705,"Octagon_House_(Washington,_D.C.)"
208,194,17219,Bayeux_Tapestry
209,194,72352,Lake_Michigan
210,192,45316,"V%C3%A4stra_Ryds_kyrka,_Uppland"
211,192,71283,Kupferstich-Kabinett_(Dresden)
212,191,94508,Norra_begravningsplatsen
213,190,88857,S%C3%B6derala_kyrka
214,190,60138,Brest_Fortress
215,190,4837,Cleghorn_Glen
216,189,47616,Fairmount_Water_Works
217,189,2964,Sk%C3%B6ldinge_kyrka
218,188,14710,Albrechtsburg
219,188,82811,Skellefte%C3%A5_landsf%C3%B6rsamlings_kyrka
220,187,38562,Stan_Hywet_Hall_and_Gardens
221,186,58889,"Hammarby_kyrka,_Uppland"
222,185,92025,"HMS_Royal_Oak_(ship,_1914)"
223,183,44386,%C3%96deby_kyrka
224,183,32262,Vietnam_Veterans_Memorial
225,183,52080,J%C3%A4rf%C3%A4lla_kyrka
226,183,39342,Museum_der_Alltagskultur_(Waldenbuch)
227,181,29568,"Allegheny_Cemetery,_Pittsburgh"
228,181,6918,Rocky_Flats_Plant
229,180,89700,En%C3%A5ngers_gamla_kyrka
230,180,69256,"Svenska_teatern,_Stockholm"
231,179,44773,Ochoco_National_Forest
232,179,21284,Rijksmuseum_Amsterdam
233,179,37038,Fort_Shafter
234,179,48369,"City_of_San_Fernando,_Pampanga"
235,178,51122,University_of_New_Mexico
236,178,20124,Stora_Tuna_kyrka
237,177,98723,Fahrzeugmuseum_Marxzell
238,177,89706,Shasta-Trinity_National_Forest
239,177,67224,Hedareds_stavkyrka
240,177,44895,Prambanan
241,177,11653,Stratford_Hall_Plantation
242,174,9954,Joint_Base_Pearl_Harbor-Hickam
243,174,32249,Or%C5%82owo_Cliff
244,173,39704,"Saint_Vincent_Ferrer_Parish_Church_(Dupax_del_Sur,_Nueva_Vizcaya)"
245,172,71091,Kumlaby_kyrka
246,172,56036,Bj%C3%B6rksta_kyrka
247,171,29202,Biblioteca_Nacional_de_Espa%C3%B1a
248,171,77906,Ephrata_cloister
249,171,38905,"Queen_Street,_Toronto"
250,171,99134,Ytterj%C3%A4rna_kyrka
251,170,31412,V%C3%A4t%C3%B6_kyrka
252,170,29378,Norra_F%C3%A5gel%C3%A5s_kyrka
253,169,36813,"Klara_kyrka,_Stockholm"
254,169,76849,"B%C3%A4linge_kyrka,_Uppland"
255,169,61633,Stora_Kopparbergs_kyrka
256,169,68474,Gila_River_War_Relocation_Center
257,168,34932,Lofta_kyrka
258,168,95525,Huntington_Beach_Pier
259,168,87152,Yukon_River
260,168,19458,Ch%C3%A2teau_de_Meudon
261,168,24312,Fort_Pulaski_National_Monument
262,167,32340,"Kristine_kyrka,_Falun"
263,166,73347,Estero_de_Vitas
264,166,12289,Oregon_Badlands
265,166,43443,Huddinge_kyrka
266,166,5912,Pokkinen
267,165,97776,"Bro_kyrka,_Uppland"
268,165,32643,Rocky_Mountain_Arsenal_National_Wildlife_Refuge
269,164,70287,Sankt_Peters_klosters_kyrka
270,164,44931,Rasbo_kyrka
271,164,83996,"L%C3%A4nna_kyrka,_Uppland"
272,164,33583,Tegelsmora_kyrka
273,163,39149,White_House_South_Lawn
274,163,80782,%C3%96sseby-Garns_kyrka
275,163,25477,Bogl%C3%B6sa_kyrka
276,163,83456,Eksj%C3%B6_kyrka
277,163,89469,%C3%96jeby_kyrka
278,163,13791,Tierps_kyrka
279,163,17215,Rohwer_War_Relocation_Center
280,162,87073,"Rembrandtplein,_Amsterdam"
281,162,98240,Budawang_National_Park
282,162,101296,"Rinkaby_kyrka,_N%C3%A4rke"
283,162,62735,"Sankta_Maria_kyrka,_%C3%85hus"
284,162,99531,Nederlule%C3%A5_kyrka
285,162,53498,Yttersel%C3%B6_kyrka
286,161,15272,Philadelphia_Naval_Asylum
287,161,75505,Gudhems_kloster
288,160,85053,Bartram's_Garden
289,160,15728,IJ
290,160,94328,West_Highland_Way
291,159,19954,Mount_St._Helens
292,159,1445,Raus_kyrka
293,158,11984,Hoover_Dam
294,158,59206,"S%C3%A4by_kyrka,_Sm%C3%A5land"
295,158,20524,Prince_William_Forest_Park
296,158,13770,Marcelo_H._del_Pilar_Shrine
297,157,77189,Skederids_kyrka
298,157,16531,Boston_Public_Garden
299,157,34542,Souda_Bay
300,157,10988,Fort_Des_Moines_Historic_Complex
301,157,17113,%C3%96ster%C3%A5kers_kyrka
302,157,3481,Fremantle_Prison
303,157,16335,Weaverville_Joss_House_State_Historic_Park
304,157,59160,Rydaholms_kyrka
305,157,54669,Vika_kyrka
306,156,97106,H%C3%B6khuvuds_kyrka
307,156,68520,"Fram_(ship,_1892)"
308,155,51291,De_Nieuwe_Ooster
309,155,58971,Umatilla_National_Forest
310,155,91171,Forshems_kyrka
311,155,20320,Hadar
312,155,58685,Viksta_kyrka
313,155,21450,Rose_Bowl
314,155,11170,Mission_Santa_Barbara
315,155,42924,V%C3%A4stra_Eds_kyrka
316,154,96584,Njut%C3%A5ngers_kyrka
317,154,64341,"Overtoom,_Amsterdam"
318,154,45296,Aalborg_Forsvars-_og_Garnisonsmuseum
319,154,24409,Leidseplein
320,154,88689,Adirondack_Park
321,154,31737,Niagara_Falls
322,154,79580,Hj%C3%A4lmseryds_gamla_kyrka
323,153,91781,White_House_Rose_Garden
324,153,17405,S%C3%B6dra_Vings_kyrka
325,153,50717,Frustuna_kyrka
326,153,69703,Oude_Kerk_(Amsterdam)
327,152,20346,Wenatchee_National_Forest
328,152,22158,Hedesunda_kyrka
329,152,66336,Fort_Lawton
330,151,55371,Stanislaus_National_Forest
331,151,78562,%C3%96versel%C3%B6_kyrka
332,151,53593,"Locke,_California"
333,151,98727,Folsom_Dam
334,151,29036,Topaz_War_Relocation_Center
335,151,1725,Vadsbro_kyrka
336,151,5423,United_States_Navy_Memorial
337,151,28275,"Saint_Vincent_Ferrer_Church_in_Calulut,_San_Fernando,_Pampanga"
338,150,77125,Sestroretsk_cemetery
339,150,4397,Kalmar_domkyrka
340,149,73958,Going_to_the_Sun_Road
341,149,82756,"Prins_Hendrikkade,_Amsterdam"
342,149,79145,Mount_Kosciuszko
343,149,81156,Finnish_Artillery_Museum
344,149,26370,Uppsala-N%C3%A4s_kyrka
345,148,68071,%C4%8Cern%C3%A9_jezero
346,148,89438,Geniemuseum
347,148,27704,J%C3%A4ders_kyrka
348,147,95409,Edsbro_kyrka
349,147,68948,Stra%C3%9Fenbahnmuseum_Dresden
350,147,71943,Fort_Ord
351,146,77578,Haus_Traar
352,146,70507,Husby-Sjutolfts_kyrka
353,146,76374,Mission_San_Juan_Capistrano
354,146,11959,PAN_Botanical_Garden_in_Warsaw
355,146,87515,GR_20
356,145,13348,"Kumla_kyrka,_V%C3%A4stmanland"
357,145,72380,L%C3%B6v%C3%A5ngers_kyrka
358,145,67663,Amsterdam_Central_station
359,144,25480,Craters_of_the_Moon_National_Monument
360,144,91482,"Bagumbayan,_Taguig"
361,144,65766,"Balclutha_(ship,_1886)"
362,144,9410,"Tweed_Heads,_New_South_Wales"
363,144,51115,Mount_Rainier_National_Park
364,143,17640,"Sankta_Maria_kyrka,_Helsingborg"
365,143,10293,Eldorado_National_Forest
366,143,24412,Brookwood_Cemetery
367,142,10202,"Torpa_kyrka,_S%C3%B6dermanland"
368,142,43412,Golden_Gate_Bridge
369,142,96811,Ulysses_S._Grant_Memorial
370,142,61526,Hammar%C3%B6_kyrka
371,142,84390,Hedvig_Eleonora_kyrka
372,142,56446,Nydala_kloster
373,141,7894,Samara
374,141,35106,"Alter_Katholischer_Friedhof,_Dresden"
375,141,60125,"Ekeby_kyrka,_Uppland"
376,140,30922,Port_Louisa_National_Wildlife_Refuge
377,140,11102,Badelunda_kyrka
378,140,96848,Museum_on_the_demarcation_line_in_Rokycany
379,140,59077,Bolln%C3%A4s_kyrka
380,140,16738,Askeryds_kyrka
381,140,69685,American_Falls
382,139,39562,Jumkils_kyrka
383,139,89250,Ludgo_kyrka
384,139,67422,Perth_Stadium
385,139,22377,USS_New_Jersey_(BB-62)
386,138,42484,Federal_Hall
387,138,85801,Doubravsk%C3%A1_hora
388,138,45110,Mariestads_domkyrka
389,137,45799,Herforder_M%C3%BCnster
390,137,91314,Ch%C3%A2teau_de_Sch%C5%93neck
391,136,19544,Walls_of_Jerusalem_National_Park
392,136,2185,Edwin_B._Forsythe_National_Wildlife_Refuge
393,136,429,Neosho_National_Fish_Hatchery
394,136,40052,Umpqua_National_Forest
395,136,83828,Mus%C3%A9e_des_beaux-arts_de_Pau
396,136,18929,N%C3%A4shulta_kyrka
397,136,89869,Grand_Canyon_National_Park
398,136,87245,"Helga_Trefaldighets_kyrka,_Uppsala"
399,136,33617,"B%C3%A4linge_kyrka,_S%C3%B6dermanland"
400,136,41169,Port_of_Haifa
401,135,15538,USS_Arizona_Memorial
402,135,55964,Mi_Yin_Temple
403,135,99103,Arctic_National_Wildlife_Refuge
404,135,34835,Amazonehaven
405,135,35732,Missisquoi_National_Wildlife_Refuge
406,134,45675,Tumbo_kyrka
407,134,72956,Festung_K%C3%B6nigstein
408,134,35277,Teknikens_och_sj%C3%B6fartens_hus
409,134,26356,Sand_Lake_National_Wildlife_Refuge
410,134,55779,Adirondack_Mountains
411,133,46256,USS_Midway_(CV-41)
412,133,96459,Toresunds_kyrka
413,133,89453,H%C3%B6gsby_kyrka
414,133,1077,"Westmoreland_County,_Pennsylvania"
415,132,16109,Yanghu_Wetland_Park
416,132,9737,Main_Square_(Maribor)
417,132,68434,Mus%C3%A9e_Somme_1916_of_Albert_(Somme)
418,132,17210,Columbia_River_Gorge
419,132,52892,Market_Street_(San_Francisco)
420,131,45797,Sanderumg%C3%A5rd
421,131,52068,Mersin_Naval_Museum
422,131,32159,Bj%C3%B6rklinge_kyrka
423,131,98112,Marikina_Heights
424,131,39544,Kungsholms_kyrka
425,131,83924,"Chicago,_Burlington,_%26_Quincy_Roundhouse_and_Locomotive_Shop_(Aurora,_Illinois)"
426,131,41949,Yosemite_Valley
427,130,54030,Hopperstad_stave_church
428,130,36776,Tyres%C3%B6_kyrka
429,130,1554,Seney_National_Wildlife_Refuge
430,130,18286,Svenneby_gamla_kyrka
431,130,2198,Teylers_Eerste_Schilderijenzaal
432,130,16822,Stora_K%C3%B6pinge_kyrka
433,129,58670,Husby-Sjuhundra_kyrka
434,129,3461,V%C3%A4xj%C3%B6_domkyrka
435,129,25913,Posters
436,129,59084,"Pioneer_Square,_Seattle,_Washington"
437,128,59265,Fors_kyrka
438,128,8006,Mesa_Verde_National_Park
439,128,552,St._James's
440,128,58987,Stadtmuseum_T%C3%BCbingen
441,128,56409,Dingtuna_kyrka
442,128,8855,Forsa_kyrka
443,128,57311,Harvard_Art_Museums
444,128,81544,Port_of_Antwerp
445,128,81121,Fort_McPherson_(Georgia)
446,128,100965,Toadstool_Geologic_Park
447,127,81225,Funbo_kyrka
448,127,4682,SBB_Historic
449,127,41052,Painted_Desert_Inn
450,127,5682,Mosj%C3%B6_kyrka
451,127,19917,Kung%C3%A4lvs_kyrka
452,127,57552,%C3%84lvkarleby_kyrka
453,127,53090,Carquinez_Bridge
454,126,68812,Arches_National_Park
455,126,62923,H%C3%A5lta_kyrka
456,126,89218,Forsby_kyrka
457,126,38377,Rocket_Engine_Test_Facility
458,126,29123,Great_Gull_Island
459,126,37616,Biskopskulla_kyrka
460,125,81249,Beaverhead-Deerlodge_National_Forest
461,125,15177,Noordzeekanaal
462,125,86029,Mahalaxmi_Racecourse_(Mumbai)
463,125,84065,Estuna_kyrka
464,125,99838,Falsterbo_kyrka
465,125,52252,Loh%C3%A4rads_kyrka
466,124,56517,Vireda_kyrka
467,124,49776,Florida_Keys
468,124,41129,"St._James_the_Less,_Philadelphia"
469,124,82537,Stora_Hammars_gamla_kyrka
470,124,78141,Portsmouth_Naval_Shipyard
471,124,99788,Tennessee_State_Library_and_Archives
472,123,72270,Hellevoetsluis_(Brandweermuseum)
473,123,86819,B%C3%B6rje_kyrka
474,123,71786,Lowell_Canal_System
475,123,67715,Antietam_National_Battlefield
476,123,35332,Norra_Sandsj%C3%B6_kyrka
477,123,10439,Hedemora_kyrka
478,123,1647,"Viby_kyrka,_N%C3%A4rke"
479,122,88196,Necedah_National_Wildlife_Refuge
480,122,97715,West_Lake
481,122,80551,Arabia_Steamboat_Museum
482,122,19191,Corliss-Carrington_House
483,122,10323,Kostverlorenvaart
484,122,38461,Liding%C3%B6_kyrka
485,122,54815,Kungslena_kyrka
486,122,47065,Eksh%C3%A4rads_kyrka
487,121,24480,Ovikens_gamla_kyrka
488,121,45780,Alsike_kyrka
489,121,39757,Skivarps_kyrka
490,121,100985,Abraham_Lincoln_seated_at_the_Lincoln_Memorial
491,121,11583,Royal_Museum_of_Fine_Arts_Antwerp
492,121,2160,Camp_David
493,121,46022,Generals_Highway
494,121,2122,Canyon_de_Chelly_National_Monument
495,121,4345,"Halla_kyrka,_S%C3%B6dermanland"
496,121,44145,Toronto_Waterfront
497,120,82138,Belair_Mansion
498,120,44843,Huis_ten_Bosch
499,120,42088,Mission_Control_Center_Houston
500,120,8596,Netherlands_American_Cemetery_and_Memorial
501,120,32244,"Sankta_Gertruds_kyrka,_V%C3%A4stervik"
502,120,25273,"Tyska_kyrkan,_Stockholm"
503,120,95822,"Alla_Helgona_kyrka,_Nyk%C3%B6ping"
504,120,29393,Fort_Regent
505,120,84666,Dutch_Harbor_Naval_Operating_Base_and_Fort_Mears
506,119,94247,"Warner_Theatre,_Washington,_D.C."
507,118,51949,Almunge_kyrka
508,118,78540,"Kristine_kyrka,_J%C3%B6nk%C3%B6ping"
509,118,95148,Adam_Mickiewicz_Park_in_Gda%C5%84sk-Oliwa
510,118,83337,Mission_San_Gabriel_Arc%C3%A1ngel
511,118,12104,"Tribeca,_Manhattan"
512,118,59893,Morkarla_kyrka
513,118,91679,Upper_Bicutan
514,117,80185,Fort_Union_National_Monument
515,117,72452,USS_Iowa_(BB-61)
516,117,31367,Society_for_Savings_Building
517,117,39745,Sunnersbergs_kyrka
518,117,76735,Skan%C3%B6rs_kyrka
519,117,90752,Sankta_Ragnhilds_kyrka
520,116,48631,Laurel_Hill_Cemetery
521,116,65993,Writers_footways
522,116,60387,Edward_Dexter_House
523,116,31118,Aalborg_Maritime_Museum
524,116,73474,Husby-L%C3%A5nghundra_kyrka
525,116,91243,Borough_House_Plantation
526,116,75610,Juniper_Dunes_Wilderness
527,116,71087,"Fountain_Square,_Cincinnati"
528,115,13834,San_Juan_Islands
529,115,39843,Alabama_Theatre
530,115,40322,Ljusdals_kyrka
531,115,87267,Finnish_Reserve_officer_school_museum
532,115,86037,Olbia_(Ukraine)
533,115,50899,Sculptures_in_Marl
534,115,99336,"Mariakyrkan,_B%C3%A5stad"
535,115,46009,St%C3%A5nga_kyrka
536,114,90060,Fru_Alstads_kyrka
537,114,52883,"Barrytown,_New_York"
538,114,22243,Pfarrkirche_Heiligenblut
539,114,87681,Tryde_kyrka
540,114,44485,Harbour_of_Pasaia
541,114,77884,%C3%96cker%C3%B6_gamla_kyrka
542,114,56699,Castillo_de_San_Marcos_National_Monument
543,114,45539,"Nys%C3%A4tra_kyrka,_Uppland"
544,114,76011,Fasterna_kyrka
545,113,31809,Granhults_kyrka
546,113,76815,Amiralitetskyrkan
547,113,48121,"Harvard_Shaker_Village,_Massachusetts"
548,113,83003,Blandfield
549,113,40369,Borgsj%C3%B6_kyrka
550,113,90150,Kennedy_Space_Center
551,113,51574,Vall%C3%A9e_d'Ossau
552,113,5370,"Prudhoe_Bay,_Alaska"
553,113,87576,F%C3%A4rl%C3%B6vs_kyrka
554,113,94417,K%C3%B6nigsberg_Castle
555,113,41436,Misterhults_kyrka
556,112,77310,Big_Muddy_National_Fish_and_Wildlife_Refuge
557,112,53305,"Sankta_Maria_kyrka,_Ystad"
558,112,70674,Hoosac_Tunnel
559,112,67844,R%C3%B6_kyrka
560,112,35510,Schloss_Rochlitz
561,112,38863,Dalhems_kyrka
562,112,503,Gilman_Garrison_House
563,111,34439,Westergasfabriek
564,111,16636,M%C3%B6klinta_kyrka
565,111,30942,Biblioth%C3%A8que_nationale_de_France
566,111,39335,Orkesta_kyrka
567,111,10889,"South_Harbour,_Helsinki"
568,111,76778,Malheur_National_Forest
569,111,82900,Manege_Military_Museum
570,110,5135,Poplar_Forest
571,110,26131,Adels%C3%B6_kyrka
572,110,69001,"Johannisfriedhof,_Dresden"
573,110,60728,Salems_kyrka
574,110,49972,Mirror_Lake_(California)
575,110,42450,R%C3%A4ttviks_kyrka
576,110,99092,USS_Arizona_(BB-39)
577,110,76554,Hill-Stead_Museum
578,110,26733,Neal_Smith_National_Wildlife_Refuge
579,110,14849,Leksands_kyrka
580,110,87700,Stortingsbygningen
581,110,54200,White_River_National_Fish_Hatchery
582,110,76145,Olympisch_Stadion
583,109,52074,Novospassky_Monastery
584,109,17989,Shoalwater_Bay
585,109,98420,Smithsonian_Institution
586,109,53043,Old_Faithful_Geyser
587,109,89506,Fort_Wadsworth
588,108,41544,K%C3%A4vlinge_gamla_kyrka
589,108,69812,"Oudezijds_Achterburgwal,_Amsterdam"
590,108,14041,Fort_Sam_Houston
591,108,40533,Prado_Dam
592,108,55052,Hove_Church
593,108,68587,Bydgoszcz_Canal
594,108,67843,Drevs_gamla_kyrka
595,108,83172,S%C3%A4tila_kyrka
596,108,43789,Phineas_Banning_Residence
597,108,53389,Speelgoedmuseum_Deventer
598,107,56656,Minidoka_National_Historic_Site
599,107,56630,Galleria_Palatina_(Florence)
600,107,57161,"Christ_Church,_Philadelphia"
601,107,78375,"Solberga_kyrka,_Bohusl%C3%A4n"
602,107,68639,%C3%96sterf%C3%A4rnebo_kyrka
603,107,95659,Karlskoga_kyrka
604,107,24843,"Sankt_Olofs_kyrka,_%C3%96sterlen"
605,106,40432,%C3%89comus%C3%A9e_d'Alsace
606,106,43589,Runtuna_kyrka
607,106,66991,Adena_Mansion
608,106,52320,George_Washington_Bridge
609,106,68924,Grant's_Tomb
610,106,59961,V%C3%A4stra_Ving%C3%A5kers_kyrka
611,106,17521,Ave_Maria_Grotto
612,105,44550,Gothems_kyrka
613,105,34708,Hamr%C3%A5nge_kyrka
614,105,34723,Sj%C3%B6historiska_museet
615,105,11076,Schloss_Sonnenstein
616,105,13756,Olympic_National_Park
617,105,77967,Wzg%C3%B3rze_Wolno%C5%9Bci
618,105,91762,Zucker-Museum_Berlin
619,105,62284,Skurups_kyrka
620,105,58664,Kunstgewerbemuseum_Berlin
621,105,75509,White_Sands_Missile_Range
622,104,84813,Burg_Mildenstein
623,104,92323,Oregon_State_Forester's_Office_Building
624,104,14619,Roslags-Kulla_kyrka
625,104,52715,Yongsan_Garrison
626,104,11323,Brooklyn_Bridge
627,104,73580,Old_Charleston_Jail
628,104,1373,Dorney_Park
629,104,69611,Beurs_van_Berlage
630,104,33693,Hanover_House
631,104,84131,G%C3%B6tene_kyrka
632,103,36195,Old_Faithful_Inn
633,103,72543,Forbidden_Corner
634,103,88237,"Lowndesboro,_Alabama"
635,103,48518,Sundre_kyrka
636,103,4785,H%C3%A4ggeby_kyrka
637,103,96600,"N%C3%A4sby_kyrka,_Sm%C3%A5land"
638,103,49508,Burg_Stolpen
639,103,70082,Mulberry_harbours
640,103,45204,Djur%C3%B6_kyrka
641,103,45764,Durrell_Wildlife_Park
642,102,20329,Hemmesj%C3%B6_gamla_kyrka
643,102,54503,Central_Park
644,102,100167,Aravaipa_Canyon_Wilderness
645,102,66874,Augusta_Canal
646,102,18291,"Oudezijds_Voorburgwal,_Amsterdam"
647,102,80860,Mea_Shearim
648,102,94163,Monument_Avenue
649,102,23143,Colonial_Parkway
650,102,80813,Sk%C3%A4lvums_kyrka
651,102,37098,Wheat
652,102,12503,Panama-California_Exposition
653,102,24007,Portugees-Isra%C3%ABlietische_Synagoge
654,101,44050,Mound_Facility
655,101,8382,"Brouwersgracht,_Amsterdam"
656,101,84881,Mission_San_Antonio_de_Padua
657,101,98054,Frogner_stadion
658,101,343,Museum_Schloss_F%C3%BCrstenberg
659,101,51392,Mus%C3%A9e_des_Beaux-Arts_de_Carcassonne
660,101,495,Fort_Christiansv%C3%A6rn
661,101,52515,Sacramento_Shops
662,101,38472,Lye_kyrka
663,101,45852,Pi%C5%82sudski_Square_in_Warsaw
664,100,87058,"Cemetery_of_Polloe,_Donostia-San_Sebasti%C3%A1n"
665,100,62699,American_Historical_Collection
666,100,14221,Fort_Jefferson
667,100,55481,Intrepid_Sea-Air-Space_Museum
668,100,41747,"Washington,_Kentucky"
669,100,53227,Broddetorps_kyrka
670,100,27241,Decatur_House
671,100,6107,Skansen
672,99,3681,Fresta_kyrka
673,99,67838,Cascade_Range
674,99,14447,Ghent%E2%80%93Terneuzen_Canal
675,99,71413,Cath%C3%A9drale_Sainte-Eulalie-et-Sainte-Julie_d'Elne
676,99,97658,Zion-Mount_Carmel_Highway
677,99,21262,Mora_kyrka
678,99,59721,Gammelgarns_kyrka
679,99,3389,%C5%A0umava
680,99,7516,Skyline_Drive_(Shenandoah_National_Park)
681,99,56840,Malolos_Historic_Town_Center
682,98,52567,Pokazowa_Zagroda_%C5%BBubr%C3%B3w_w_Pszczynie
683,98,27281,Bj%C3%A4resj%C3%B6_kyrka
684,98,83219,Enskede_kyrka
685,98,66284,Kinderdijk_windmills
686,98,4843,Suntaks_gamla_kyrka
687,98,10580,Hialeah_Park_Race_Track
688,98,78148,Mission_San_Carlos_Borromeo_de_Carmelo
689,98,95873,Dalar%C3%B6_kyrka
690,98,26774,Torsby_kyrka
691,98,47427,Yale_University
692,97,33957,"Cliveden_(Germantown,_Pennsylvania)"
693,97,61367,Skeppsholmskyrkan
694,97,23626,L%C3%A4rbro_kyrka
695,97,83317,"%C3%85kers_kyrka,_S%C3%B6dermanland"
696,97,38310,Hubbo_kyrka
697,97,67727,National_Historic_Oregon_Trail_Interpretive_Center
698,97,16056,V%C3%A4stra_Tunhems_kyrka
699,97,77784,Armed_Forces_of_the_Philippines_Museum
700,97,78550,Vehicle_Assembly_Building
701,97,8315,"Heliga_Trefaldighets_kyrka,_G%C3%A4vle"
702,97,75537,Schloss_Nossen
703,97,32711,Memorial_Stadium_(Baltimore)
704,96,35288,"Union_Station_(Washington,_D.C.)"
705,96,43130,Hagshults_kyrka
706,96,93677,"San_Agustin_Church,_Manila"
707,96,38232,Bottnaryds_kyrka
708,96,34693,Overloon_War_Museum
709,96,43131,Pinares_de_Rodeno
710,96,55287,Haringvlietdam
711,96,47189,Markims_kyrka
712,96,15153,"Saint_Michael_the_Archangel_Parish_Church_(Bacnotan,_La_Union)"
713,96,54959,Casa_Mas%C3%B3
714,96,54090,Garde_kyrka
715,96,74623,Sk%C3%B6rstorps_kyrka
716,95,55139,Kazan
717,95,51558,Rombon
718,95,57228,Milford_Sound
719,95,28555,Camp_Navajo
720,95,26688,Pictured_Rocks_National_Lakeshore
721,95,37279,Films_kyrka
722,95,9736,Lilla_Malma_kyrka
723,95,33607,Flathead_National_Forest
724,95,58581,Norrby_kyrka
725,95,83918,"Hammarby_kyrka,_S%C3%B6dermanland"
726,94,26245,Dannemora_kyrka
727,94,96700,Homewood_Cemetery
728,94,16823,Smithsonian_Institution_Building
729,94,2229,Soroca_Fort
730,94,41267,Eriksbergs_gamla_kyrka
731,94,79062,Chopaka_Lake
732,94,12879,"Tuna_kyrka,_Uppland"
733,94,86186,V%C3%A5rkumla_kyrka
734,94,6293,"Schloss_Hartenfels,_Torgau"
735,94,74394,Mohonk_Mountain_House
736,93,47387,Norrala_kyrka
737,93,2752,S%C3%B6dra_R%C3%A5da_gamla_kyrka
738,93,72351,Lids_kyrka
739,93,72322,Museum_of_Industry_and_Railway_in_Lower_Silesia
740,93,60559,V%C3%A4stra_Sallerups_kyrka
741,93,70343,H%C3%B6l%C3%B6_kyrka
742,93,8330,Pite%C3%A5_stadskyrka
743,93,68906,Fellingsbro_kyrka
744,93,7734,Puget_Sound
745,92,24438,St._Johannis_(Herford)
746,92,57398,San_Diego_Botanic_Garden
747,92,53332,Statens_historiska_museum
748,92,43407,Blid%C3%B6_kyrka
749,92,9023,Quezon_City_Experience
750,92,47246,Kotlasskiy_kraevedcheskiy_musey
751,92,11716,L%C3%B6derups_kyrka
752,92,9754,S%C3%B6dra_teatern
753,92,81290,Galleria_d'Arte_Moderna_(Florence)
754,92,58795,"Church_of_the_Holy_Cross_(Stateburg,_South_Carolina)"
755,92,23557,Mehan_Garden
756,92,58839,Holkham_Hall
757,92,79091,Yuelu_Academy
758,92,61260,Dove_Lake
759,91,26959,McMurdo_Station
760,91,83276,Mission_San_Miguel_Arc%C3%A1ngel
761,91,14057,USS_Texas_(BB-35)
762,91,6403,Full%C3%B6sa_kyrka
763,91,42709,Bouzov_Castle
764,91,17153,Farstorps_kyrka
765,91,51755,Hells_Canyon
766,91,4904,Pampanga_Provincial_Capitol
767,91,24815,Yellowstone_Lake
768,91,56491,K%C3%B8ge_Kirke
769,91,80190,Fort_Washington_Park
770,91,93381,"Christ_Church_(Alexandria,_Virginia)"
771,91,61160,McNeil_Street_Pumping_Station
772,91,66427,Tidal_Basin
773,90,28281,Kraton_of_Yogyakarta
774,90,37170,Neuweiler_Brewery
775,90,9893,Mont_Orgueil
776,90,50448,CIA_Museum
777,90,81839,Grums_kyrka
778,90,84150,Jaffa
779,90,21182,Kontxa_bay
780,90,94695,Forum_Marinum
781,90,5462,Ivan_Honchar_Museum
782,90,87801,Buddhas_of_Bamiyan
783,90,26840,Ocklawaha_River
784,90,68089,Kaiser-Wilhelm-Denkmal_an_der_Porta_Westfalica
785,90,23,Simtuna_kyrka
786,90,32403,"Central_Waterfront,_Seattle,_Washington"
787,90,69911,Library_of_Congress
788,89,8421,Almby_kyrka
789,89,23280,Wilson_Dam
790,89,88280,L%C3%A5ssa_kyrka
791,89,6248,Great_Barrier_Reef
792,89,56293,Yerba_Buena_Island
793,89,18970,Gaineswood
794,89,22043,John_P._Grace_Memorial_Bridge
795,89,87822,Moritzburg_Castle
796,89,50599,Fort_Jay
797,89,79771,V%C3%A4sterplana_kyrka
798,89,18786,Croton_Aqueduct
799,89,71890,Julita_kyrka
800,89,89175,Husby-Rekarne_kyrka
801,89,24045,"%C3%96ja_kyrka,_Gotland"
802,88,32320,Tennessee_River
803,88,42034,Hille_kyrka
804,88,9570,Walt_Disney_Studios_(Burbank)
805,88,61293,X-10_Graphite_Reactor
806,88,94892,Lilla_Harrie_kyrka
807,88,3293,Bridalveil_Fall
808,88,85886,Tao_House
809,88,58663,Tudor_Place
810,88,48755,"Almaden_Mine,_Santa_Clara_County,_California"
811,88,26050,Bukittinggi
812,88,72603,Ch%C3%A2teau_du_Nouveau-Windstein
813,88,68660,Ysane_kyrka
814,88,66566,National_Museum_of_the_Marine_Corps
815,88,67254,Fr%C3%B6jels_kyrka
816,88,72880,Menai_Strait
817,87,21992,High_Bridge_(New_York_City)
818,87,20288,Citadel_of_Erbil
819,87,4992,Njurunda_kyrka
820,87,80558,"By_kyrka,_Dalarna"
821,87,89018,Yellowstone_National_Park
822,87,24098,Kay_Street-Catherine_Street-Old_Beach_Road_Historic_District
823,87,100491,Upper_Silesian_Ethnographic_Park
824,87,95204,Fredrikskyrkan
825,87,25175,East_Broad_Top_Railroad
826,86,92585,Lake_Tekapo
827,86,14730,Knutby_kyrka
828,86,70673,Gryta_kyrka
829,86,32526,Elan_Valley_Reservoirs
830,86,36627,Cit%C3%A9_du_train
831,86,11002,Alborz
832,86,13655,Alvesta_kyrka
833,86,80040,New_York_City_Hall
834,86,75508,Hedmarksmuseet
835,86,62050,Centrum_Edukacji_i_Promocji_Regionu_w_Szymbarku
836,86,25562,"City_Botanic_Gardens,_Brisbane"
837,86,82444,%C3%85ls_kyrka
838,86,57157,Olana_State_Historic_Site
839,86,6363,%C3%84lgar%C3%A5s_kyrka
840,86,20044,Richfield_Oil_Company_Building
841,86,9962,Kristinehamns_kyrka
842,86,8338,"City_Market_(Charleston,_South_Carolina)"
843,86,16055,Saint_Thomas_Church_(Jersey)
844,86,87581,City_Theater
845,86,33950,Ornunga_gamla_kyrka
846,85,48669,Israel_National_Trail
847,85,59086,Siam_Society
848,85,89213,Patuxent_Research_Refuge
849,85,73836,Blad%C3%A5kers_kyrka
850,85,67293,Ekka
851,85,81455,San_Juan_Botanical_Garden
852,85,93008,Pfarrkirche_Gm%C3%BCnd
853,85,65768,Gelati_Monastery
854,85,385,V%C3%A5rdinge_kyrka
855,85,85390,Channel_Islands_National_Marine_Sanctuary
856,85,5577,River_Conwy
857,85,98007,%C3%96vraby_kyrka
858,85,24311,Sierra_National_Forest
859,84,6235,Wertheim_National_Wildlife_Refuge
860,84,8419,S%C3%B6derby-Karls_kyrka
861,84,84224,Sailors'_Snug_Harbor
862,84,42204,William_Scarbrough_House
863,84,58989,"Plaza_de_Roma,_Intramuros"
864,84,37689,San_Francisco_Bay
865,84,75177,T%C3%A5dene_kyrka
866,84,100007,Glen_Canyon_National_Recreation_Area
867,84,67472,Bremner_Historic_Mining_District
868,84,34704,Ignaberga_gamla_kyrka
869,84,19801,Alaska_Maritime_National_Wildlife_Refuge
870,84,35602,"Museu_Nacional,_Rio_de_Janeiro"
871,84,11004,G%C3%A5singe_kyrka
872,83,30132,%C3%96stra_Vemmerl%C3%B6vs_kyrka
873,83,64542,Evangelische_Kirche_im_Rheinland
874,83,101233,L%C3%B6gd%C3%B6_kyrka
875,83,100348,Galleria_dell'Accademia_Carrara_(Bergamo)
876,83,98487,Lake_Powell
877,83,100809,Lake_Pontchartrain
878,83,95195,"Bar_Harbor,_Maine"
879,83,62690,Mus%C3%A9e_des_automates
880,83,93753,Heyward-Washington_House
881,83,13469,Finja_kyrka
882,83,76717,Rock_of_Gibraltar
883,83,75036,Memorial_park_(Moscow_Brotherly_Cemetery)
884,83,60459,Soo_Locks
885,83,30423,"Oakland_Plantation_(Natchitoches,_Louisiana)"
886,82,89467,Bi%C3%B1an_Football_Stadium
887,82,100416,Church_of_All_Nations_(Jerusalem)
888,82,25485,Schloss_Lichtenwalde
889,82,47425,Arizona_Biltmore_Hotel
890,82,51328,So%C4%8Da
891,82,83970,Sequoia_National_Park
892,82,31550,Kalix_kyrka
893,82,17313,National_World_War_II_Memorial
894,82,88485,Yangling_(Han)
895,82,63091,Congress_Hall
896,82,15318,Airborne_War_Cemetery
897,82,62189,M%C3%B6nster%C3%A5s_kyrka
898,81,78250,Prime_Hook_National_Wildlife_Refuge
899,81,61212,Teylers_Tweede_Schilderijenzaal
900,81,80630,Philadelphia_Lazaretto
901,81,16334,V%C3%A4stlands_kyrka
902,81,89661,Dejima
903,81,23276,Littlerock_Dam
904,81,72869,"Hartington,_Nebraska_city_auditorium"
905,81,69757,David_Crombie_Park
906,81,42326,Muiderpoort_(Amsterdam)
907,81,23293,"Spuistraat,_Amsterdam"
908,81,70578,Westover_Plantation
909,81,63082,"Lindengracht,_Amsterdam"
910,80,77798,Macombs_Dam_Bridge
911,80,69996,Kung_Karls_kyrka
912,80,62108,Nysunds_kyrka
913,80,73909,Modoc_National_Forest
914,80,63608,Port_of_IJmuiden
915,80,10957,Governor_William_Aiken_House
916,80,16298,Lake_Creek_Falls
917,80,48784,Wieliczka_salt_mine
918,80,50662,Wildpark_Saarbr%C3%BCcken
919,80,33264,Na_Popovick%C3%A9m_kopci
920,80,89477,Theodore_Roosevelt_Island
921,80,11723,Ka%C5%A1perk
922,80,32846,"The_Old_House_(Cutchogue,_New_York)"
923,80,31207,University_of_Rochester
924,80,20540,Longfellow_Bridge
925,80,35582,Museo_Torpin_Tykit
926,80,89056,Ronde_Lutherse_Kerk
927,80,47859,Colonial_Germantown_Historic_District
928,80,79398,Mammoth_Hot_Springs
929,80,12901,Miami_Beach_Architectural_District
930,79,71606,%C3%96sterv%C3%A5la_kyrka
931,79,41916,Desert_Queen_Ranch
932,79,85417,Skuttunge_kyrka
933,79,11145,Meissen_Cathedral
934,79,17466,Petrified_Forest_National_Park
935,79,49777,Ch%C3%A2teau_du_Wasigenstein
936,79,78535,"Cornhill_(Boston,_Massachusetts)"
937,79,99288,Ayuntamiento_de_Manila
938,79,38198,Sofia_kyrka
939,79,16067,Los_Angeles_City_Hall
940,79,57827,Agoo_Basilica
941,79,28152,H%C3%A4stveda_kyrka
942,79,63132,Shepherds
943,79,47597,Stenberga_kyrka
944,79,8888,Lake_of_the_Ozarks_State_Park
945,79,100918,D%C3%B6rarps_kyrka
946,79,94352,Montelbaanstoren
947,79,73305,San_Bernardino_National_Forest
948,79,98216,Apraksin_dvor
949,79,86728,Alvastra_monastery
950,79,30754,Gr%C3%B6dinge_kyrka
951,79,40773,Vanderbilt_Mansion
952,78,7799,Gaylord_National_Resort_%26_Convention_Center
953,78,46036,Mont_Blanc
954,78,24563,Giant's_Causeway
955,78,79235,King_Sejong's_commentary_for_Zizhi_Tongjian
956,78,9749,"Tveta_kyrka,_S%C3%B6dermanland"
957,78,95610,J%C3%A4msh%C3%B6gs_kyrka
958,78,18475,French_colonial_empire
959,78,46243,Macquarie_Pass_National_Park
960,78,88078,Fort_Simcoe
961,78,16050,Inyo_National_Forest
962,78,6284,Adel%C3%B6vs_kyrka
963,78,16931,Mission_San_Luis_Rey_de_Francia
964,78,46931,Kr%C3%A4cklinge_kyrka
965,78,41598,Erlebnispark_Tripsdrill
966,78,40523,L%C3%B6vstabruks_kyrka
967,78,32566,Malungs_kyrka
968,78,65900,Fort_Point_National_Historic_Site
969,78,67850,Vimmerby_kyrka
970,77,37781,Mus%C3%A9e_d%C3%A9partemental_Albert-Kahn
971,77,78665,Schloss_Hohent%C3%BCbingen
972,77,79164,Mus%C3%A9e_de_la_R%C3%A9volution_fran%C3%A7aise
973,77,24468,Transfiguration_Monastery
974,77,85112,Black_Hills_National_Forest
975,77,62064,Skarhults_kyrka
976,77,97586,"Segerstads_kyrka,_V%C3%A4rmland"
977,77,99532,Virginia_State_Capitol
978,77,13577,Manzanar_War_Relocation_Center
979,77,5071,Gottr%C3%B6ra_kyrka
980,77,27967,Borgstena_kyrka
981,77,14678,Linder%C3%B6ds_kyrka
982,77,30227,Gladhammars_kyrka
983,77,3974,"Williamsburg_(ship,_1930)"
984,77,40625,Teda_kyrka
985,77,38311,Fryks%C3%A4nde_kyrka
986,77,19318,Fort_Leavenworth_National_Cemetery
987,77,69310,Denali_National_Park
988,77,96757,Grasagar%C3%B0ur_Reykjav%C3%ADkur
989,77,84510,Gnosj%C3%B6_kyrka
990,76,98483,Hala_%C5%81uczniczka
991,76,78693,Cos_Cob_Power_Station
992,76,57344,Second_Bank_of_the_United_States
993,76,76675,Collection_of_Sculpture_and_Decorative_Arts_(Kunsthistorisches_Museum)
994,76,64912,Mozes_en_A%C3%A4ronkerk_(Amsterdam)
995,76,24958,Taunus
996,76,75449,K%C3%B6pinge_kyrka
997,76,40087,L%C3%B6sens_kyrka
998,76,64490,Skee_kyrka
999,76,25275,Kosciuszko_National_Park
